{"highlow_stanfordfaces_size50_call_UMAP_n2_d0.8": {"auclog": 0.00046814226139795727, "cca": 702.3267309659165, "cc": 0.017648291278213407, "lcmc": 15899944.498939201, "nerv": 8.62888238289907e-17, "nlm": -2.463544934398001e+16, "stress": 0.9997475961495818, "tnc": 21.12828309186003}}