{"highlow_stanfordfaces_size50_call_UMAP_n5_d0.1": {"auclog": -0.0007638244876892193, "cca": 703.3963934523317, "cc": -0.001106432273574106, "lcmc": 15801924.955608387, "nerv": 7.555242644081635e-17, "nlm": -5705552207405539.0, "stress": 0.9999426043068385, "tnc": 20.218241460185588}}