{"highlow_stanfordfaces_size50_call_ISM_n7": {"auclog": -0.00045593382210094944, "cca": 760.1283595476191, "cc": 0.000777996193960396, "lcmc": 15839395.315780187, "nerv": 5.471586254218018e-17, "nlm": 2.2465630888303964e+16, "stress": 0.9999884933213995, "tnc": 20.4850005165145}}