{"highlow_stanfordfaces_size50_call_MDS": {"auclog": 0.0005553201145546657, "cca": 651.3326622597131, "cc": 0.008298872521521347, "lcmc": 15863942.00115634, "nerv": 9.29692490251286e-17, "nlm": -7358717058434441.0, "stress": 0.9999301856727161, "tnc": 20.75069249523572}}