{"highlow_stanfordfaces_size50_call_UMAP_n15_d0.8": {"auclog": 0.0004514610476031608, "cca": 696.7732404933565, "cc": 0.0007626330445169514, "lcmc": 15831285.01108109, "nerv": 3.006191278010754e-17, "nlm": 3.780562520475339e+16, "stress": 0.9999705794327558, "tnc": 20.498547151314895}}