{"highlow_stanfordfaces_size50_call_ISM_n2": {"auclog": -0.0007869421653414066, "cca": 462.1741911996833, "cc": -0.004274436426425793, "lcmc": 15820408.706702456, "nerv": 1.1595309238754598e-16, "nlm": 1.0159489831067278e+16, "stress": 0.9998564242410098, "tnc": 20.3074158614273}}