{"highlow_stanfordfaces_size50_call_ISM_n15": {"auclog": -0.0008262582679150732, "cca": 763.9442885534296, "cc": -0.0020263999917660767, "lcmc": 15819928.731424358, "nerv": 1.0243318456175048e-16, "nlm": 2.6182575737926452e+16, "stress": 0.9999916107783576, "tnc": 20.34496923672448}}