{"highlow_stanfordfaces_size50_call_TSNE_p100": {"auclog": -0.001618581450451994, "cca": 760.8583000952892, "cc": -0.009555141849336733, "lcmc": 15775347.324824737, "nerv": 8.907233436536462e-17, "nlm": -4615846901939130.0, "stress": 0.9999877698187442, "tnc": 19.98637818550867}}