{"highlow_stanfordfaces_size50_call_UMAP_n2_d0.5": {"auclog": -6.239005071505274e-05, "cca": 715.6806023306222, "cc": 0.010355379294414926, "lcmc": 15870035.53930231, "nerv": 1.4561736087521738e-16, "nlm": 4.129573690429725e+16, "stress": 0.9998563956333181, "tnc": 20.86052801050679}}