{"highlow_stanfordfaces_size50_call_GRP": {"auclog": -0.0008020227321688687, "cca": 612.9368542751374, "cc": 0.007148514305364015, "lcmc": 15826626.485305026, "nerv": 1.2096341117009418e-16, "nlm": 8422603098951989.0, "stress": 0.9998681945544241, "tnc": 20.619568069089674}}