{"highlow_stanfordfaces_size50_call_SE_n7": {"auclog": 0.0012093644313129425, "cca": 731.046408632632, "cc": 0.009021713523996782, "lcmc": 15858174.01512207, "nerv": 1.0450093507774288e-16, "nlm": 1.6428916434283854e+16, "stress": 0.9998526392488484, "tnc": 20.76386027645747}}