{"highlow_stanfordfaces_size50_call_UMAP_n15_d0.1": {"auclog": 0.0004457419817088881, "cca": 715.7003441820239, "cc": 0.009115460814434062, "lcmc": 15866361.391019668, "nerv": 4.1991243355783024e-17, "nlm": 2.7387646505916932e+16, "stress": 0.9998586605435689, "tnc": 20.867765660376076}}