{"highlow_stanfordfaces_size50_call_UMAP_n5_d0.5": {"auclog": -0.00013354760010608567, "cca": 677.2494231362019, "cc": 0.0031513990462178343, "lcmc": 15830362.964393012, "nerv": 3.053908604153706e-17, "nlm": 2.6780263987929596e+16, "stress": 0.9998762304946744, "tnc": 20.43884760074281}}