{"highlow_stanfordfaces_size50_call_UMAP_n7_d0.5": {"auclog": -0.0006902407653441266, "cca": 700.2391292636462, "cc": 0.00268742028298104, "lcmc": 15833547.310468785, "nerv": 1.7337293656758668e-16, "nlm": 1.4126133290180352e+16, "stress": 0.9999479485632182, "tnc": 20.571832007828107}}