{"highlow_stanfordfaces_size50_call_ISM_n5": {"auclog": -0.0004619971229376911, "cca": 800.7947076197045, "cc": -0.0025138751808420133, "lcmc": 15826383.198625604, "nerv": 1.2573514337806928e-16, "nlm": 1.6945472500868754e+16, "stress": 0.9999927901994099, "tnc": 20.378744148500378}}