{"highlow_stanfordfaces_size50_call_UMAP_n5_d0.8": {"auclog": 8.505000738951655e-05, "cca": 657.4721686318924, "cc": -0.0016138200015311985, "lcmc": 15818987.171263436, "nerv": 1.5905772715265417e-19, "nlm": 3.0855024889213876e+16, "stress": 0.9999565427610312, "tnc": 20.359177081271326}}