{"highlow_stanfordfaces_size50_call_UMAP_n2_d0.1": {"auclog": -0.0015816306166527997, "cca": 588.4613582944743, "cc": 0.004344261912876735, "lcmc": 15840532.852977736, "nerv": 9.797956776526764e-17, "nlm": 3.3938722477159344e+16, "stress": 0.99995645846827, "tnc": 20.69547829377289}}