{"highlow_stanfordfaces_size50_call_TSNE_p10": {"auclog": -0.0003046190919196466, "cca": 669.8110053936596, "cc": 0.009079645841852217, "lcmc": 15867662.757158292, "nerv": 1.00126847322349e-16, "nlm": -1.990475923094995e+16, "stress": 0.9998904955692204, "tnc": 20.80464177675126}}