{"highlow_stanfordfaces_size50_call_UMAP_n15_d0.5": {"auclog": -0.0003536537698081633, "cca": 694.0158884714256, "cc": 0.0033664501981693056, "lcmc": 15841746.899835, "nerv": 7.833593688469791e-17, "nlm": 1.9503845032902388e+16, "stress": 0.9999430188051625, "tnc": 20.627760433561516}}