{"highlow_stanfordfaces_size50_call_UMAP_n7_d0.1": {"auclog": 6.588739843408462e-05, "cca": 666.2148859177008, "cc": 0.006706487944492862, "lcmc": 15865929.286923153, "nerv": 8.787940130347537e-17, "nlm": 7735308200998393.0, "stress": 0.9998890181367874, "tnc": 20.822380382682507}}