{"highlow_stanfordfaces_size50_call_TSNE_p5": {"auclog": -0.0002920371625411525, "cca": 648.9761403731823, "cc": 0.008437155563797363, "lcmc": 15870173.256689794, "nerv": 9.941108744696643e-17, "nlm": -1.4427742998008194e+16, "stress": 0.9998497244525363, "tnc": 20.805541738657972}}