{"highlow_stanfordfaces_size50_call_TSNE_p30": {"auclog": -0.001371101225256666, "cca": 771.4808132622184, "cc": -0.0023636476107890153, "lcmc": 15810157.394993633, "nerv": 7.801782146815695e-17, "nlm": 1.0978291249377172e+16, "stress": 0.9999708633337622, "tnc": 20.26834229134927}}