{"highlow_stanfordfaces_size50_call_PCA": {"auclog": 0.00014249458486468195, "cca": 611.259717295055, "cc": 0.010319897081026241, "lcmc": 15871830.63841931, "nerv": 4.358182073454416e-17, "nlm": 9856577036413716.0, "stress": 0.9998980852597963, "tnc": 20.826729214193538}}