{"highlow_stanfordfaces_size50_call_UMAP_n7_d0.8": {"auclog": 1.9333144671226133e-05, "cca": 701.806161857175, "cc": 0.0039104265896859145, "lcmc": 15841238.988002254, "nerv": 3.045955719653999e-17, "nlm": 2.260615334028843e+16, "stress": 0.9999378242218198, "tnc": 20.537724731444047}}