{"scagnostics_stanfordfaces_size50_call_TSNE_p30": {"outlying": 0.01602524321329022, "skewed": 0.6592446223122169, "clumpy": 0.15572256826790887, "sparse": 0.022690679744431275, "striated": 0.06346153846153846, "convex": 0.24757003300304517, "skinny": 0.8297953655732346, "stringy": 0.3448641263672853, "monotonic": 0.08709727567161325}}