{"scagnostics_stanfordfaces_size50_call_UMAP_n5_d0.1": {"outlying": 0.03294734654349538, "skewed": 0.743694818807997, "clumpy": 0.18023571989415324, "sparse": 0.02976157132533732, "striated": 0.22857142857142856, "convex": 0.07670656422150864, "skinny": 0.8480706979311222, "stringy": 0.5656179403732843, "monotonic": 0.029049429699145358}}