{"scagnostics_stanfordfaces_size50_call_SE_n7": {"outlying": 0.011693410994077197, "skewed": 0.6854215359095739, "clumpy": 0.042430806964167116, "sparse": 0.024344267344315208, "striated": 0.08376963350785341, "convex": 0.15778852275562721, "skinny": 0.8061066540146858, "stringy": 0.4556096232364363, "monotonic": 0.008870869768013568}}