{"scagnostics_stanfordfaces_size50_call_UMAP_n5_d0.8": {"outlying": 0.0, "skewed": 0.6023255369835392, "clumpy": 0.017128450199224675, "sparse": 0.026554281934838456, "striated": 0.07744107744107744, "convex": 0.38418731642615506, "skinny": 0.8294297904892027, "stringy": 0.35249692186430476, "monotonic": 1.091870395080588e-05}}