{"scagnostics_stanfordfaces_size50_call_MDS": {"outlying": 0.01136613837142753, "skewed": 0.639173768476218, "clumpy": 0.013445983784922528, "sparse": 0.02976157132533732, "striated": 0.07758620689655173, "convex": 0.4928860032172511, "skinny": 0.7834453803585423, "stringy": 0.40536875732180405, "monotonic": 0.0005692465767303718}}