{"scagnostics_stanfordfaces_size50_call_ISM_n5": {"outlying": 0.03780145066393919, "skewed": 0.6611063644290489, "clumpy": 0.024675169719779014, "sparse": 0.03246782318640756, "striated": 0.06352087114337568, "convex": 0.44727220991245964, "skinny": 0.7306881999666712, "stringy": 0.40828806268630446, "monotonic": 0.00015943654809990303}}