{"scagnostics_stanfordfaces_size50_call_UMAP_n7_d0.5": {"outlying": 0.011855814812968466, "skewed": 0.6415255527434347, "clumpy": 0.028096122165399934, "sparse": 0.02730613561510509, "striated": 0.09298245614035087, "convex": 0.29952995676220723, "skinny": 0.8544707072508755, "stringy": 0.38499816242465984, "monotonic": 0.006187082207499351}}