{"scagnostics_stanfordfaces_size50_call_GRP": {"outlying": 0.17957420718454917, "skewed": 0.739490972350188, "clumpy": 0.017030402856242136, "sparse": 0.031441945887051036, "striated": 0.07658643326039387, "convex": 0.48660515778184465, "skinny": 0.5957754470658077, "stringy": 0.3557549154518949, "monotonic": 0.04952751499631786}}