{"scagnostics_stanfordfaces_size50_call_TSNE_p10": {"outlying": 0.02268822006899241, "skewed": 0.7272245806367774, "clumpy": 0.10845689494545745, "sparse": 0.02736492176627968, "striated": 0.11659192825112108, "convex": 0.14591427975519397, "skinny": 0.8741017369734183, "stringy": 0.3959088746355686, "monotonic": 0.021367531343725956}}