{"scagnostics_stanfordfaces_size50_call_UMAP_n15_d0.8": {"outlying": 0.003427649248995268, "skewed": 0.5865841224349138, "clumpy": 0.016092268962086778, "sparse": 0.029040103890500463, "striated": 0.06466876971608833, "convex": 0.5409887315337246, "skinny": 0.730783117258475, "stringy": 0.3797203657386527, "monotonic": 0.0006702306380015011}}