{"scagnostics_stanfordfaces_size50_call_UMAP_n15_d0.1": {"outlying": 0.017439497071247586, "skewed": 0.7041700546877292, "clumpy": 0.1413892625351736, "sparse": 0.028072202193853462, "striated": 0.15647921760391198, "convex": 0.17886387590377478, "skinny": 0.8500959285692231, "stringy": 0.43097055770208254, "monotonic": 0.00014096412705996968}}