{"scagnostics_stanfordfaces_size50_call_ISM_n2": {"outlying": 0.008076918982370049, "skewed": 0.6195793766302041, "clumpy": 0.019614974691190692, "sparse": 0.022676511351077008, "striated": 0.2916666666666667, "convex": 0.09996385294169106, "skinny": 0.8074874516325709, "stringy": 0.48567386519425954, "monotonic": 0.01444504258381649}}