{"scagnostics_stanfordfaces_size50_call_UMAP_n7_d0.8": {"outlying": 0.014555446222377148, "skewed": 0.6210991110748304, "clumpy": 0.013999691395712737, "sparse": 0.02704595861929252, "striated": 0.0899830220713073, "convex": 0.4666532577568537, "skinny": 0.7748847173569449, "stringy": 0.41003891943771215, "monotonic": 0.006201761252428957}}