{"scagnostics_stanfordfaces_size50_call_ISM_n15": {"outlying": 0.030468389794650316, "skewed": 0.6559761951938865, "clumpy": 0.014964355586319226, "sparse": 0.030801681581002074, "striated": 0.07462686567164178, "convex": 0.44947736119476706, "skinny": 0.7424944233485484, "stringy": 0.3798504663653444, "monotonic": 6.124267043292213e-05}}