{"scagnostics_stanfordfaces_size50_call_UMAP_n2_d0.8": {"outlying": 0.03276414097806917, "skewed": 0.5530407640064148, "clumpy": 0.012518036435729272, "sparse": 0.042454160049747926, "striated": 0.07887323943661972, "convex": 0.6052391059939127, "skinny": 0.46622378716858837, "stringy": 0.43848634471888537, "monotonic": 0.0002449774960649603}}