{"scagnostics_stanfordfaces_size50_call_TSNE_p5": {"outlying": 0.009633804290202937, "skewed": 0.7909919356492128, "clumpy": 0.07553818775006085, "sparse": 0.03769010827114836, "striated": 0.19220055710306408, "convex": 0.19898253351864223, "skinny": 0.8520018031975932, "stringy": 0.49405174668825147, "monotonic": 0.002194481455337564}}