{"scagnostics_stanfordfaces_size50_call_UMAP_n15_d0.5": {"outlying": 0.0, "skewed": 0.6364482601161021, "clumpy": 0.024160320958999695, "sparse": 0.027796075460412125, "striated": 0.06747404844290658, "convex": 0.49258801328782537, "skinny": 0.7894510877773224, "stringy": 0.34934344879754786, "monotonic": 0.1744664112159387}}