{"scagnostics_stanfordfaces_size50_call_UMAP_n2_d0.5": {"outlying": 0.0, "skewed": 0.49936738694419625, "clumpy": 0.022803238060199824, "sparse": 0.04674882576050417, "striated": 0.10452961672473868, "convex": 0.5674002095322184, "skinny": 0.39307550097286936, "stringy": 0.3585272220941145, "monotonic": 0.00014028688559098308}}