{"scagnostics_stanfordfaces_size50_call_PCA": {"outlying": 0.023152387010661208, "skewed": 0.6320177364446022, "clumpy": 0.02455273067619787, "sparse": 0.028413587282797876, "striated": 0.07142857142857142, "convex": 0.4658191997500742, "skinny": 0.7539422219758845, "stringy": 0.395733400400374, "monotonic": 0.002180691291526914}}