{"scagnostics_stanfordfaces_size50_call_UMAP_n5_d0.5": {"outlying": 0.0, "skewed": 0.6713331006540484, "clumpy": 0.0234297234056205, "sparse": 0.025705603565494218, "striated": 0.11293260473588343, "convex": 0.24842865955290788, "skinny": 0.8718930363104491, "stringy": 0.441343151296018, "monotonic": 0.0006361799072650565}}