{"scagnostics_stanfordfaces_size50_call_UMAP_n2_d0.1": {"outlying": 0.04957650930358807, "skewed": 0.6602369952679348, "clumpy": 0.015530579269904605, "sparse": 0.05259777579668861, "striated": 0.04807692307692308, "convex": 0.7030708034522569, "skinny": 0.28560228644051966, "stringy": 0.40162854028525413, "monotonic": 3.0059898034782477e-05}}