{"scagnostics_stanfordfaces_size50_call_TSNE_p100": {"outlying": 0.03071134803631448, "skewed": 0.6512366629610646, "clumpy": 0.10696522554298649, "sparse": 0.025175013126033, "striated": 0.06049149338374291, "convex": 0.3436676168160896, "skinny": 0.804702213964446, "stringy": 0.40396765468743656, "monotonic": 0.08362243216171991}}