{"scagnostics_stanfordfaces_size50_call_ISM_n7": {"outlying": 0.04896144661806275, "skewed": 0.6913895504268686, "clumpy": 0.01188043720769903, "sparse": 0.035001986772321754, "striated": 0.07922535211267606, "convex": 0.5231182032073163, "skinny": 0.6752496722274544, "stringy": 0.40972426206176793, "monotonic": 0.0004235776919230419}}