{"scagnostics_stanfordfaces_size50_call_UMAP_n7_d0.1": {"outlying": 0.007695623283332038, "skewed": 0.7588766217620082, "clumpy": 0.1413048177917924, "sparse": 0.029501261036462063, "striated": 0.1755485893416928, "convex": 0.1053374240205534, "skinny": 0.846431215140127, "stringy": 0.5442966943174754, "monotonic": 0.015423393826737823}}