{"supervised_stanfordfaces_size50_call_TSNE_p5": {"abw": 1.7955782521905297, "cal": -102.8418765181276, "dsc": 0.4699140401146132, "hm": 6.872560638378499, "nh": 0.8320916905444126, "sc": 0.0713487967860233}}