{"supervised_stanfordfaces_size50_call_UMAP_n7_d0.1": {"abw": 2.4539113419218763, "cal": -101.54053546564877, "dsc": 0.4197707736389685, "hm": 0.5352838940363253, "nh": 0.8424068767908309, "sc": 0.10792598671037033}}