{"supervised_stanfordfaces_size50_call_UMAP_n5_d0.8": {"abw": 2.162613875255726, "cal": -101.87716686743693, "dsc": 0.332378223495702, "hm": 0.858724095156076, "nh": 0.8260744985673354, "sc": 0.1299055080864122}}