{"supervised_stanfordfaces_size50_call_UMAP_n5_d0.5": {"abw": 2.1466048605633734, "cal": -101.83780782884988, "dsc": 0.3553008595988539, "hm": 0.775625099460917, "nh": 0.8412607449856734, "sc": 0.12052717209548922}}