{"supervised_stanfordfaces_size50_call_ISM_n2": {"abw": 1.448996303562429, "cal": -105.01983551371434, "dsc": 0.669054441260745, "hm": 1141.1529478286595, "nh": 0.6836676217765043, "sc": -0.05479362832953917}}