{"supervised_stanfordfaces_size50_call_PCA": {"abw": 1.1883230497461132, "cal": -112.43400804567892, "dsc": 0.7808022922636103, "hm": -41.03887218973347, "nh": 0.3830945558739255, "sc": -0.09161426735018977}}