{"supervised_stanfordfaces_size50_call_SE_n7": {"abw": 2.1861515030922214, "cal": -101.87297719980269, "dsc": 0.46418338108882523, "hm": 0.0012188734998118673, "nh": 0.7590257879656159, "sc": 0.06651633839052659}}