{"supervised_stanfordfaces_size50_call_ISM_n5": {"abw": 3.09487907765692, "cal": -101.20410556223815, "dsc": 0.17191977077363896, "hm": 1363.5249376719, "nh": 0.8017191977077363, "sc": 0.2718558315788711}}