{"supervised_stanfordfaces_size50_call_ISM_n7": {"abw": 3.0013857113365616, "cal": -101.22636726392476, "dsc": 0.17621776504297995, "hm": 1250.2556850454012, "nh": 0.8120343839541548, "sc": 0.2565653575000285}}