{"supervised_stanfordfaces_size50_call_UMAP_n2_d0.5": {"abw": 1.0270629485715808, "cal": -812.3088473725262, "dsc": 0.8510028653295129, "hm": 1.1077216769004439, "nh": 0.5432664756446992, "sc": -0.08605629895162882}}