{"supervised_stanfordfaces_size50_call_UMAP_n2_d0.1": {"abw": 1.030917585834731, "cal": -392.1675057769, "dsc": 0.8510028653295129, "hm": 0.9784010354633371, "nh": 0.5478510028653295, "sc": -0.07703865822834782}}