{"supervised_stanfordfaces_size50_call_UMAP_n15_d0.8": {"abw": 2.4550467978289374, "cal": -101.46900673840534, "dsc": 0.3194842406876791, "hm": 0.5267696538868598, "nh": 0.7822349570200573, "sc": 0.15291481640069957}}