{"supervised_stanfordfaces_size50_call_UMAP_n7_d0.5": {"abw": 2.212671036440387, "cal": -101.73280361411956, "dsc": 0.4054441260744986, "hm": 0.6815836628038665, "nh": 0.8283667621776504, "sc": 0.10647244310048795}}