{"supervised_stanfordfaces_size50_call_TSNE_p30": {"abw": 1.9412966387483188, "cal": -102.19455746387777, "dsc": 0.5415472779369628, "hm": 2.902181517316845, "nh": 0.844699140401146, "sc": 0.05001035432404613}}