{"supervised_stanfordfaces_size50_call_UMAP_n15_d0.5": {"abw": 2.597125844589966, "cal": -101.39509569295167, "dsc": 0.29656160458452724, "hm": 0.5530415212034988, "nh": 0.8312320916905445, "sc": 0.1809364626620792}}