{"supervised_stanfordfaces_size50_call_UMAP_n5_d0.1": {"abw": 1.9633469608257834, "cal": -102.2209019035364, "dsc": 0.45702005730659023, "hm": 0.6434151773006199, "nh": 0.8349570200573067, "sc": 0.06669286063906296}}