{"supervised_stanfordfaces_size50_call_UMAP_n7_d0.8": {"abw": 2.4909797103668456, "cal": -101.4923930129819, "dsc": 0.30659025787965616, "hm": 0.8718333841726671, "nh": 0.8452722063037249, "sc": 0.18081495603005784}}