{"supervised_stanfordfaces_size50_call_TSNE_p100": {"abw": 1.6134604947901923, "cal": -103.32192324715916, "dsc": 0.6776504297994269, "hm": 0.9864213529383512, "nh": 0.8243553008595988, "sc": -0.013487411580726954}}