{"supervised_stanfordfaces_size50_call_TSNE_p10": {"abw": 1.8900078027859222, "cal": -102.32378253813262, "dsc": 0.4355300859598854, "hm": 5.226300977702766, "nh": 0.8286532951289398, "sc": 0.057730656688203964}}