{"supervised_stanfordfaces_size50_call_GRP": {"abw": 1.2398782813519946, "cal": -106.8950144048037, "dsc": 0.7435530085959885, "hm": -127.85494591553177, "nh": 0.2707736389684814, "sc": -0.1299859775667526}}