{"supervised_stanfordfaces_size50_call_MDS": {"abw": 1.1490109910940054, "cal": -128.4151993042567, "dsc": 0.8495702005730659, "hm": 24.62662623984426, "nh": 0.4828080229226361, "sc": -0.07030930904230578}}