{"supervised_stanfordfaces_size50_call_UMAP_n15_d0.1": {"abw": 2.388622653669924, "cal": -101.59756726851397, "dsc": 0.41260744985673353, "hm": 0.4194423104658282, "nh": 0.8306590257879656, "sc": 0.1104663872978392}}