{"supervised_stanfordfaces_size50_call_ISM_n15": {"abw": 2.2548745938456305, "cal": -101.68129456806328, "dsc": 0.3538681948424069, "hm": 496.33499543784626, "nh": 0.6882521489971346, "sc": 0.12802015365903857}}