{"supervised_stanfordfaces_size50_call_UMAP_n2_d0.8": {"abw": 1.033203272431535, "cal": -325.0875676480556, "dsc": 0.8080229226361032, "hm": 1.1143559207028397, "nh": 0.5673352435530086, "sc": -0.09708329283330278}}